학생,답안,등식의 성질,(다항식)x(단항식),단항식의 곱셈,(다항식)÷(단항식),단항식의 나눗셈,정오답,등호 오류
1,,,,,,,,
2,A \div 3y/2 = 4x^{2}y + 2xy + 6 \\ A \times 2/3y = 4x^{2}y + 2xy + 6 \\ A = ( 4x^{2}y + 2xy + 6 ) \times 3y/2 A = 6x^{2}y^{2} + 3xy^{2} + 9y,1,1,1,0,0,1,0
3,A \div 3y/2 = 4x^2y + 2xy + 6 =  6x^{2}y^{2} + 3xy^{2} + 9y,0,0,0,1,1,1,1
4,A \div 3y/2 = 4x^{2}y + 2xy + 6 \\ A = ( 4x^{2}y + 2xy + 6 ) \times 3y/2 =  6x^{2}y^{2} + 3xy^{2} + 9y,1,1,1,0,0,1,0
5,,,,,,,,
6,A \div 3y/2 = 4x^{2}y + 2xy + 6  \\ A = ( 4x^{2}y + 2xy + 6 ) \times 3y/2 는 곱셈의 분배법칙을 이용하여 4x^{2}y \times 3y/2 + 2xy \times 3y/2 + 6 \times 3y/2 이다. \\ 나머지 식을 풀면 6x^{2}y^{2} + 3xy^{2} + 9y 이다.,1,1,1,0,0,1,0
7,,,,,,,,
8,A \div 3y/2 = 4x^{2}y + 2xy + 6 \\ A = ( 4x^{2}y + 2xy + 6 ) \times 3y/2 \\ A = 6x^{2}y^{2} + 3xy^{2} + 9y,1,1,1,0,0,1,0
9,,,,,,,,
10,A \div 3y/2 = 4x^{2}y + 2xy + 6 \\ A = 6x^{2}y + 3xy^{2} + 4/y,0,0,0,0,0,0,0
11,A \div 3y/2 = 4x^{2}y + 2xy + 6 \\ A = 6x^{2}y^{2} + 3xy^{2} + 9y,1,0,0,1,1,1,0
12,A \div 3y/2 = 4x^{2}y + 2xy + 6 \\ A = ( 4x^{2}y + 2xy + 6 ) \times 2/3y \\ A = 8x^{2}/3 + 4x/3 + 4y,0,1,1,0,0,0,0
13,,,,,,,,
14,A \times 2/3y = 4x^{2}y + 2xy + 6 \\ A = ( 4x^{2}y + 2xy + 6 ) \times 3y/2 = 6x^{2}y^{2} + 3xy^{2} + 9y,1,1,1,0,0,1,0
15,A \div 3y/2 = 4x^{2}y + 2xy + 6 \\ A \times 2/3y = 4x^{2}y + 2xy + 6 \\ 6x^{2}y^{2} + 3xy^{2} + 9y,1,1,1,0,0,1,0
16,A \div 3y/2 = 4x^{2}y + 2xy + 6 \\ A \times 2/3y = 4x^{2}y + 2xy + 6 \\ A = 4x^{2}y \times 3y/2 + 2xy \times 3y/2 + 6 \times 3y/2 \\ A = 6x^{2}y^{2} + 3xy^{2} + 9y,1,1,1,0,0,1,0
17,A \div 3y/2 = 4x^{2}y + 2xy + 6 \\ A \times 2/3y = 4x^{2}y + 2xy + 6 \\ A \times 2 = 12x^{2}y^{2} + 6xy^{2} + 18y \\ A = 6x^{2}y^{2} + 3xy^{2} + 9y,1,1,1,0,1,1,0
18,,,,,,,,
19,,,,,,,,
20,,,,,,,,
21,A \div 3y/2 = 4x^{2}y + 2xy + 6 \\ A = 3y/2 \times (  4x^{2}y + 2xy + 6 ) = 6x^{2}y^{2} + 3xy^{2} + 9y,1,1,1,0,0,1,0
22,A \div 3y/2 = 4x^{2}y + 2xy + 6 \\ A =  4x^{2}y + 2xy + 6 \times 3y/2 \\ A = 6x^{2}y^{2} + 3xy^{2} + 9y,1,1,1,0,0,1,0
23,A \div 3y/2 = 4x^{2}y + 2xy + 6 \\ A =  4x^{2}y + 2xy + 6 \times 2/3y \\ A = 8x^{2}/3 + 4x/3 + 4/y,0,1,1,0,0,0,0
24,A \div 3y/2 = 4x^{2}y + 2xy + 6 \\ 4x^{2}y + 2xy + 6 \times 2y/3 A = 8x^{2}/3 + 4x/3 + 4/y,0,1,1,0,0,0,0
25, A = ( 4x^{2}y + 2xy + 6 ) \times 3y/2 = 6x^{2}y^{2} + 3xy^{2} + 9y,1,1,1,0,0,1,0
26,,,,,,,,
27,,,,,,,,
28,A \div 3y/2 = 4x^{2}y + 2xy + 6 \\ A = 4x^{2}y \times 3y/2 + 2xy \times 3y/2 + 6 \times 3y/2 \\ A = 6x^{2}y^{2} + 3xy^{2} + 9y,1,1,1,0,0,1,0
29,A = ( 4x^{2}y + 2xy + 6 ) \times 3y/2 A = 6x^{2}y^{2} + 3xy^{2} + 9y,1,1,1,0,0,1,0
30,12x^{2}y^{2} + 6xy^{2} + 6,0,0,0,0,0,0,0
31,A \times 2/3y = 4x^{2}y + 2xy + 6 \\ A = ( 4x^{2}y + 2xy + 6 ) \times 3y/2 \\ A = 4x^{2}y \times 3y/2 + 2xy \times 3y/2 + 6 \times 3y/2 \\ A = 6x^{2}y^{2} + 3xy^{2} + 9y,1,1,1,0,0,1,0
32, A \times 2/3y = 4x^{2}y + 2xy + 6 \\ A = 4x^{2}y \times 3y/2 + 2xy \times 3y/2 + 6 \times 3y/2 \\ A = 6x^{2}y^{2} + 3xy^{2} + 9y,1,1,1,0,0,1,0
33,,,,,,,,
34,A \div 3y/2 = 4x^{2}y + 2xy + 6,0,0,0,0,0,0,0
35,,,,,,,,
36,,,,,,,,
37,A \div 3y/2 = 4x^{2}y + 2xy + 6 \\ A \times 2/3y = 4x^{2}y + 2xy + 6 \\ A = 6x^{2}y^{2} + 3xy^{2} + 9y,1,1,1,0,0,1,0
38,,,,,,,,
39,,,,,,,,
40,2A/3y = 4x^{2}y + 2xy + 6 2/3y 의 역수인 3y/2 를 모두 곱한다. \\ A = 6x^{2}y^{2} + 3xy^{2} + 9y,1,1,1,0,0,1,0
41,A \div 3y/2 = 4x^{2}y + 2xy + 6 ->  A = 3y/2 \times (  4x^{2}y + 2xy + 6 ) = 6x^{2}y^{2} + 3xy^{2} + 9y,1,1,1,0,0,1,0
42,2A/3y = 4x^{2}y + 2xy + 6 \\ A = 6x^{2}y^{2} + 3xy^{2} + 9y,1,0,0,1,1,1,0
43,A \div 3y/2 = A \times 2/3y = 4x^{2}y + 2xy + 6 \\ ( 4x^{2}y + 2xy + 6 ) \times 3y/2  = 6x^{2}y^{2} + 3xy^{2} + 9y,1,1,1,0,0,1,0
44,A \div 3y/2 = 4x^{2}y + 2xy + 6 \\ A \div \square = x \\ x \times \square = A  \\ ( 4x^{2}y + 2xy + 6 ) \times 3y/2 = 6x^{2}y^{2} + 3xy^{2} + 9y,1,1,1,0,0,1,0
45,A = ( 4x^{2}y + 2xy + 6 ) \times 3y/2 = 6x^{2}y^{2} + 3xy^{2} + 9y,1,1,1,0,0,1,0
46,A = ( 4x^{2}y + 2xy + 6 ) \times 3y/2 A = 6x^{2}y^{2} + 3xy^{2} + 9y,1,1,1,0,0,1,0
47,A \times 2/3y = 4x^{2}y + 2xy + 6 \\ A =  4x^{2}y + 2xy + 6 \times 3y/2 \\ A =  2x^{2}y^{2} + xy^{2} + 4y \\ A \times 6 = 12 \\ A = 12 \div 6,1,0,0,0,0,0,0
48,A \times 2/3y = 4x^{2}y + 2xy + 6 \\ 4x^{2}y = A \times 2/3y A = 6x^{2}y^{2} \\ A \times 2/3y = 6 A = 9y \\ 2xy = A \times 2/3y \\ A = 3xy^2 6x^{2}y^{2} + 3xy^{2} + 9y,1,1,1,0,0,1,0
49,A = ( 4x^{2}y + 2xy + 6 ) \times 3y/2 \\ A = ( 2x^{2}y + xy + 3 ) \times 3y \\ A = 6x^{2}y^{2} + 3xy^{2} + 9y,1,1,1,0,0,1,0
50,,,,,,,,
51,,,,,,,,
52,A \div 3y/2 = 4x^{2}y + 2xy + 6 = A \times 2/3y = 4x^{2}y + 2xy + 6 \\ A = ( 4x^{2}y + 2xy + 6 ) \times 3y/2 \\ A = 6x^{2}y^{2} + 3xy^{2} + 9y,1,1,1,0,0,1,0
53,A \div 3y/2 = 4x^{2}y + 2xy + 6 는 A \times 2/3y = 4x^{2}y + 2xy + 6 3y/2 를 곱하면 A = ( 4x^{2}y + 2xy + 6 ) \times 3y/2 \\ A = 6x^{2}y^{2} + 3xy^{2} + 9y,1,1,1,0,0,1,0
54, 4x^{2}y + 2xy + 6 \times 3/2y = ( 12x^{2}y + 6xy + 18 ) \div 2y = 6x^{2} + 3x + 9/y,0,1,1,0,0,0,0
55,,,,,,,,
56, 4x^{2}y + 2xy + 6 \times 3/2y = 6x^{2}y^{2} + 3xy^{2} + 9y,1,1,1,0,0,1,0
57,,,,,,,,
58,A \div 3y/2 = 4x^{2}y + 2xy + 6 \\ A = ( 4x^{2}y + 2xy + 6 ) \times 3y/2 = 6x^{2}y^{2} + 3xy^{2} + 9y,1,1,1,0,0,1,0
59,A \times 2/3y = 4x^{2}y + 2xy + 6 \\ A = ( 4x^{2}y + 2xy + 6 ) \times 3y/2 = 6x^{2}y^{2} + 3xy^{2} + 9y,1,1,1,0,0,1,0
60,8x^{2}/3 + 4x/3 + 2/y,0,0,0,0,0,0,0
61,A \div 3y/2 = 4x^{2}y + 2xy + 6 \\ A = ( 4x^{2}y + 2xy + 6 ) \times 3y/2 \\ A = 6x^{2}y^{2} + 3xy^{2} + 9y,1,1,1,0,0,1,0
62,A = 6x^{2}y^{2} + 3xy^{2} + 9y,1,1,1,0,0,1,0
63,8x^{2}/3 + 4x/3 + 4/y,0,0,0,0,0,0,0
64, A = ( 4x^{2}y + 2xy + 6 ) \times 3y/2 = 6x^{2}y^{2} + 3xy^{2} + 9y,1,1,1,0,0,1,0
65,,,,,,,,
66,A \div 3y/2 = 4x^{2}y + 2xy + 6 = 3y/2 \div 4x^{2}y + 2xy + 6 = 8x^{2}y + 2xy + 2 = 10x^{3y} + 2,0,0,0,0,0,0,0
67,A \div 3y/2 = 4x^{2}y + 2xy + 6 \\ A \times 2/3y = 4x^{2}y + 2xy + 6 \\ A = 6x^{2}y^{2} + 3xy^{2} + 9y,1,1,1,0,0,1,0
68,A \div 3y/2 = 4x^{2}y + 2xy + 6 \\ A = 2y/3 + 4x^{2}y + 2xy + 6,0,0,0,0,0,0,0
69,,,,,,,,
70,,,,,,,,
71,,,,,,,,
72,A \times 2/3y = 4x^{2}y + 2xy + 6 \\ A = ( 4x^{2}y + 2xy + 6 ) 3y/2 = 6x^{2}y^{2} + 3xy^{2} + 9y,1,1,1,0,0,1,0
73,,,,,,,,
74,A \div 3y/2 \times 3y/2 = ( 4x^{2}y + 2xy + 6 ) \times 3y/2 \\ A = 6x^{2}y^{2} + 3xy^{2} + 9y,1,1,1,0,0,1,0
75,A \div 3y/2 = 4x^{2}y + 2xy + 6 \\ A = ( 4x^{2}y \times 2/3y ) + ( 2xy \times 2/3y ) + (6 \times 2/3y ) = 8x^{2}/3 + 4x/3 + 4/y,0,1,1,0,0,0,0
76,A = ( 4x^{2}y + 2xy + 6 ) \times 3y/2 6x^{2} + 3x + 9y,1,0,1,0,0,0,0
77,A \div 3y/2 = 4x^{2}y + 2xy + 6 \\ A = 3y/2 ( 4x^{2}y + 2xy + 6 ) =  6x^{2}y^{2} + 3xy^{2} + 9y,1,1,1,0,0,1,0
78,A \div 3y/2 = 4x^{2}y + 2xy + 6 \\ A \times 2/3y= 4x^{2}y + 2xy + 6 \\ A = ( 4x^{2}y + 2xy + 6 ) 3y/2 \\ A = 6x^{2}y^{2} + 3xy^{2} + 9y,1,1,1,0,0,1,0
79,A \times 2/3y= 4x^{2}y + 2xy + 6 \\ A = 6x^{2}y^{2} + 3xy^{2} + 9y,1,1,1,0,0,1,0
80,A \div 3y/2 = 4x^{2}y + 2xy + 6 \\ 2 ( 4x^{2}y + 2xy + 6 ) \div 3y = ( 8x^{2}y + 4xy + 12 ) \div 3y = 8x^{2}/3 + 4x/3 + 4/3,0,0,0,1,1,0,0
81,,,,,,,,
82,A \div 3y/2 = 4x^{2}y + 2xy + 6 \\ A \times 2/3y= 4x^{2}y + 2xy + 6 \\ A = 6x^{2}y^{2} + 3xy^{2} + 9y,1,1,1,0,0,1,0
83,6x^{2}y^{2} + 3xy^{2} + 9,1,1,1,0,0,1,0
84,A \div 3y/2 = 4x^{2}y + 2xy + 6 \\ A \times 2/3y= 4x^{2}y + 2xy + 6 \\ A = ( 4x^{2}y + 2xy + 6 ) \times 3y/2 \\ A = 6x^{2}y^{2} + 3xy^{2} + 9,1,1,1,0,0,1,0
85,A \div 3y/2 = 4x^{2}y + 2xy + 6 \\ A = ( 4x^{2}y + 2xy + 6 ) \times 3y/2 = 6x^{2}y^{2} + 3xy^{2} + 9y,1,1,1,0,0,1,0
86,A \div 3y/2 = 4x^{2}y + 2xy + 6 \\ ( 4x^{2}y + 2xy + 6 ) \times 3y/2 = 6x^{2}y^{2} + 3xy^{2} + 9y,1,1,1,0,0,1,0
87,A \div 3y/2 = 4x^{2}y + 2xy + 6 \\ A = ( 4x^{2}y + 2xy + 6 ) \times 3y/2 = 6x^{2}y^{2} + 3xy^{2} + 9y,1,1,1,0,0,1,0
88,A \div 3y/2 = 4x^{2}y + 2xy + 6 \\ A \times 2/3y= 4x^{2}y + 2xy + 6 \\ 2A/3y = 4x^{2}y + 2xy + 6 \\ 2A= 12x^{2}y^{2} + 6xy^{2} + 18 \\ A= 6x^{2}y^{2} + 3xy^{2} + 9y,1,1,1,0,0,1,0
89,,,,,,,,
90,A \div 3y/2 = 4x^{2}y + 2xy + 6 \\ A = ( 4x^{2}y + 2xy + 6 ) \times 2/3y = 8x^{2}/3 + 4x/3 + 3/y,0,1,1,0,0,0,0
91,,,,,,,,
92,A \div 3y/2 = 4x^{2}y + 2xy + 6,0,0,0,0,0,0,0
93,A \times 2/3y= 4x^{2}y + 2xy + 6 \\ A = ( 4x^{2}y + 2xy + 6 ) \times 2/3y = 8x^{2}/3 + 4x/3 + 3/y,1,1,1,0,0,0,0
94,A \div 3y/2 = 4x^{2}y + 2xy + 6 \\ A \times 2/3y= 4x^{2}y + 2xy + 6 \\ A = ( 4x^{2}y + 2xy + 6 ) \times 3y/2 = 3x^{2}y^{2} + 3xy^{2} + 9y,0,0,0,0,0,0,0
95,,,,,,,,
96,A = ( 4x^{2}y + 2xy + 6 ) 3y/2 \\ 6x^{2}y^{2} + 3xy^{2} + 9y,1,1,1,0,0,1,0
97,6x^{2}y^{2} + 3xy^{2} + 6y,0,0,1,0,0,0,0
98,A \div 3y/2 = A \times 2/3y \\ 2A/3y = 4x^{2}y + 2xy + 6 \\ 2A = 12x^{2}y^{2} + 6xy^{2} + 18y \\ 6x^{2}y^{2} + 3xy^{2} + 9y,1,1,1,0,0,1,0
99,,,,,,,,
100, A \times 2/3y = 4x^{2}y + 2xy + 6 \\ A = 6x^{2}y^{2} + 3xy^{2} + 9y,1,1,1,0,0,1,0
101, A \times 2/3y A = 6x^{2}y^{2} + 3xy^{2} + 9y,1,1,1,0,0,1,0
102,A = ( 4x^{2}y + 2xy + 6 ) \times 2/3y = 8x^{2}/3 + 4x/3 + 4/y,0,1,1,0,0,0,0
103,8x^{2}/3 + 4x/3 + 4/y,0,1,1,0,0,0,0
104,A \div 3y/2 = 4x^{2}y + 2xy + 6 \\ A = ( 4x^{2}y + 2xy + 6 ) \times 2/3y \\ A = 8x^{2}/3 + 4x/3 + 4/y,0,1,1,0,0,0,0
105,A \div 3y/2 = 4x^{2}y + 2xy + 6 \\ A = ( 4x^{2}y + 2xy + 6 ) 3y/2 = 6x^{2}y^{2} + 3xy^{2} + 9y,1,1,1,0,0,1,0
106,,,,,,,,
107,,,,,,,,
108,,,,,,,,
109,,,,,,,,
110,6x^{2}y^{2} + 3xy^{2} + 9y,1,1,1,0,0,1,0
111,A \div 3y/2 = 4x^{2}y + 2xy + 6 \\ A = ( 4x^{2}y + 2xy + 6 ) \times 3y/2 = 6x^{2}y^{2} + 3xy^{2} + 9y,1,1,1,0,0,1,0
112,,,,,,,,
113,A =3y/2 ( 4x^{2}y + 2xy + 6 ) = 6x^{2}y^{2} + 3xy^{2} + 9y,1,1,1,0,0,1,0
114,A \div 3y/2 = 4x^{2}y + 2xy + 6 \\ A = ( 4x^{2}y + 2xy + 6 ) \times 2/3y = 8x^{2}/3 + 4x/3 + 4/y,0,1,1,0,0,0,0
115,A \times 2y/3 = 4x^{2}y + 2xy + 6 \\ ( 4x^{2}y + 2xy + 6 ) \times 3/2y A = 6x^{2} + 3x + 9/y,0,1,1,0,0,0,0
116,( 4x^{2}y + 2xy + 6 ) \times 3y/2 \\ A = 6x^{2}y^{2} + 3xy^{2} + 9y,1,1,1,0,0,1,0
117,,,,,,,,
118,A \times 2/3y = 4x^{2}y + 2xy + 6 \\ A = 6x^{2}y^{2} + 3xy^{2} + 9y,1,1,1,0,0,1,0
119,( 4x^{2}y + 2xy + 6 ) \times 3y/2 \\ A = 6x^{2}y^{2} + 3xy^{2} + 9y,1,1,1,0,0,1,0
120,A \times 2/3y = 4x^{2}y + 2xy + 6 \\ A = 4x^{2}y + 2xy + 6  \times 3y/2 = 6x^{2}y^{2} + 3xy^{2} + 9y,1,1,1,0,0,1,0
121,A \div 3y/2 = 4x^{2}y + 2xy + 6 \\ A = ( 4x^{2}y + 2xy + 6 ) \times 3y/2 = 6x^{2}y^{2} + 3xy^{2} + 9y,1,1,1,0,0,1,0
122,A \div 3y/2 = 4x^{2}y + 2xy + 6 \\ A = ( 4x^{2}y + 2xy + 6 ) \times 3y/2 = 6x^{2}y^{2} + 3xy^{2} + 9y,1,0,1,0,0,0,0
123,,,,,,,,
124,A \div 3y/2 = 4x^{2}y + 2xy + 6 = ( 4x^{2}y + 2xy + 6 ) 3y/2 = 6x^{2}y^{2} + 3xy^{2} + 9y,0,1,1,0,0,1,0
125,A \times 3y/2 = 4x^{2}y + 2xy + 6 \\ A = ( 4x^{2}y + 2xy + 6 ) \times 3/2y= 6x^{2} + 3 + 9/y,1,1,1,0,0,0,0
126,A = ( 4x^{2}y + 2xy + 6 ) \times 2/3y = 8x^{2}/3 + 4x/3 + 4/y,0,1,1,0,0,0,0
127,\times 3y/2 6x^{2}y^{2} + 3y^{2} + 9y,1,1,1,0,0,1,0
128,,,,,,,,
129,A \times 2/3y = 4x^{2}y + 2xy + 6 \times 3y/2 = 6x^{2}y^{2} + 3xy^{2} + 9y,0,1,1,0,0,1,1
130,9x^{2}y^{2} - 3xy^{2} + 9y,0,0,1,0,0,0,0
131,6x^{2}y^{2} + 3xy^{2} + 9y,1,1,1,0,0,1,0
132,A \times 2/3y = 4x^{2}y + 2xy + 6 \\ A = 3y/2 ( 4x^{2}y + 2xy + 6 ) = 6x^{2}y^{2} + 3xy^{2} + 9y,1,1,1,0,0,1,0
133,6x^{2}y^{2} + 3xy^{2} + 9y,1,1,1,0,0,1,0
134,6x^{2}y^{2} + 3xy^{2} + 9y,1,1,1,0,0,1,0
135,A = 6x^{2}y^{2} + 3xy^{2} + 9y,1,1,1,0,0,1,0
136,24x^{6}/3y,0,0,0,0,0,0,0
137,4x^{2}y \times 3y/2 = 6x^{2}y^{2} \\ 2xy \times 3y/2 = 2xy^{2} \\ 6 \times 3y/2 = 9y \\ A = 6x^{2}y^{2} + 3xy^{2} + 9y,1,1,1,0,0,1,0
138,4x^{2}y + 2xy + 6 \times 3y/2 = 6x^{2}y^{2} + 3xy^{2} + 9y,1,1,1,0,0,1,0
139,A = ( 4x^{2}y + 2xy + 6 ) \times 3y/2 = 6x^{2}y^{2} + 3xy^{2} + 9y,1,1,1,0,0,1,0
140,A \times 2/3y = 4x^{2}y + 2xy + 6 \\ A = ( 4x^{2}y + 2xy + 6 ) \times 3y/2 \\ A = 6x^{2}y^{2} + 3xy^{2} + 9y,1,1,1,0,0,1,0
141,A = ( 4x^{2}y + 2xy + 6 \times 2 ) \div 3y = ( 8x^{2}y + 4xy + 12 ) \div 3y = 8x^{2}/3 + 4x/3 + 4/y,0,1,1,0,0,0,0
142,A \times 2/3y = 4x^{2}y + 2xy + 6 \\ A = 3y/2 ( 4x^{2}y + 2xy + 6 ) = 6x^{2}y^{2} + 3xy^{2} + 9y,1,1,1,0,0,1,0
143,,,,,,,,
144,A \times 2/3y = 4x^{2}y + 2xy + 6 \\ A = 4x^{2}y + 2xy + 6 \times 3y/2 = 6x^{2}y^{2} + 3xy^{2} + 9y,1,1,1,0,0,1,0
145,,,,,,,,
146,A \times 2/3y = 4x^{2}y + 2xy + 6 \\ A = ( 4x^{2}y + 2xy + 6 ) \times 3y/2 = 6x^{2}y^{2} + 3xy^{2} + 9y,1,1,1,0,0,1,0
147,,,,,,,,
148,A \times 2/3y = 4x^{2}y + 2xy + 6 \\ 6x^{2}y^{2} + 3xy^{2} + 9y,1,1,1,0,0,1,0
149,A \times 2/3y,0,0,0,0,0,0,0
150,( 4x^{2}y + 2xy + 6 ) \times 3y/2 = 6x^{2}y^{2} + 3xy^{2} + 9y,1,1,1,0,0,1,0
151,몰라요,0,0,0,0,0,0,0
152,A \times 2/3y = 4x^{2}y + 2xy + 6 \\ A = ( 4x^{2}y + 2xy + 6 ) \times 3y/2 = 6x^{2}y^{2} + 3xy^{2} + 9y,1,1,1,0,0,1,0
153,A \times 2/3y = 4x^{2}y + 2xy + 6 \\ A = 6x^{2}y^{2} + 3xy^{2} + 9y,1,1,1,0,0,1,0
154,A \div 3y/2 = 4x^{2}y + 2xy + 6 \\ A = 2/3y ( 4x^{2}y + 2xy + 6 ) \\ A = 8x^{2}y/3y + 4xy/y3 + 12/3y = 8x^{2}/3 + 4x/3 + 4/y,0,1,1,0,0,0,0
155,A \times 2/3y = 4x^{2}y + 2xy + 6 \\ A = 3y/2 ( 4x^{2}y + 2xy + 6 ) \\ A = 6x^{2}y^{2} + 3xy^{2} + 9y,1,1,1,0,0,1,0
156, 8x^{2}/3 + 4x/3 + 4/y,0,1,1,0,0,0,0
157,A \times 2/3y = 4x^{2}y + 2xy + 6 \\ A = ( 4x^{2}y + 2xy + 6 ) \times 3y/2 = 6x^{2}y^{2} + 3xy^{2} + 9y,1,1,1,0,0,1,0
158,A \div 3y/2 = A \times 2/3y = 4x^{2}y + 2xy + 6 \\ A = ( 4x^{2}y + 2xy + 6 ) \times 3y/2 = 6x^{2}y^{2} + 3xy^{2} + 9y,1,1,1,0,0,1,0
159,A \div 3y/2 = 4x^{2}y + 2xy + 6 \\ A = 6x^{2}y^{2} + 3xy^{2} + 9y,1,0,0,1,1,1,0
160,,,,,,,,
161,A \times 2/3y = ( 4x^{2}y + 2xy + 6 ) 3y/2 \\ A = 6x^{2}y^{2} + 3xy^{2} + 9y,0,1,1,0,0,1,1
162,A \div 3y/2 = 4x^{2}y + 2xy + 6 =  A = ( 4x^{2}y + 2xy + 6 ) \times 3y/2 = A = 6x^{2}y^{2} + 3xy^{2} + 9y,0,1,1,0,0,1,1
163,A = ( 4x^{2}y + 2xy + 6 ) \times 3y/2 A = 6x^{2}y^{2} + 3xy^{2} + 9y,1,1,1,0,0,1,0
164,A \times 2y/3 = 4x^{2}y + 2xy + 6 \\ A = 8x^{2}/3 + 4x/3 + 4/y,0,1,1,0,0,1,1
165,8x^{2}y^{2}/3 + 4xy^{2}/3 + 4/y,0,0,0,0,0,0,0
166,A \div 3y/2 = 4x^{2}y + 2xy + 6 \\ A \times 2/3y \\ A = ( 4x^{2}y + 2xy + 6 ) \times 3y/2 = 6x^{2}y^{2} + 3xy^{2} + 9y,1,1,1,0,0,1,0
167,A \div 3y/2 = 4x^{2}y + 2xy + 6 \\ A \times 2/3y = ( 4x^{2}y + 2xy + 6 ) \\ A 3y/2 ( 4x^{2}y + 2xy + 6 ) = 6x^{2}y^{2} + 3xy^{2} + 9y,1,1,1,0,0,1,0
168,,,,,,,,
169,A \div 3xy/2 = 4x^{2}y + 2xy + 6 \\ A = 3xy/2 ( 4x^{2}y + 2xy + 6 ) = 6x^{3}y^{2} + 3x^{2}y^{2} + 9xy,1,1,1,0,0,0,0
170,4x^{2}y + 2xy + 6 \times 2/3y = 4x^{2}/3 + 2x/3 + 4/y,0,0,1,0,0,0,0
171,A \times 2/3y 6x^{2}y^{2} + 3xy^{2} + 9y,1,1,1,0,0,1,0
172,( 4x^{2}y + 2xy + 6 ) \times 3y/2 = 6x^{2}y^{2} + 3xy^{2} + 9y,1,1,1,0,0,1,0
173,A \div 3y/2 = 4x^{2}y + 2xy + 6 \\ A \times 2/3y = 4x^{2}y + 2xy + 6 \\ A = ( 4x^{2}y + 2xy + 6 ) \times 3y/2 = 6x^{2}y^{2} + 3xy^{2} + 9y,1,1,1,0,0,1,0
174,4x^{2}y + 2xy + 6 \\ A \times 2y/3 24x^{2} + 12x + 9y,0,0,0,0,0,0,0
175,A \div 3y/2 = 4x^{2}y + 2xy + 6 \\ A = 6x^{2}y^{2} + 3xy^{2} + 9y,1,0,0,1,1,1,0
176,A \div 3y/2 = 4x^{2}y + 2xy + 6 \\ A \times 2/3y = 4x^{2}y + 2xy + 6 \\ A = ( 4x^{2}y + 2xy + 6 ) \times 3y/2 = 6x^{2}y^{2} + 3xy^{2} + 9y,1,1,1,0,0,1,0
177,A \div 3y/2 = 4x^{2}y + 2xy + 6 \\ A \times 2/3y = 4x^{2}y + 2xy + 6 \\ A = 6x^{2}y^{2} + 3xy^{2} + 9y,1,1,1,0,0,1,0
178,A \div 3y/2 = 4x^{2}y + 2xy + 6 \\ A = ( 4x^{2}y + 2xy + 6 ) \times 3y/2 = ( 4x^{2}y \times 3y/2 ) + ( 2xy \times 3y/2 ) + ( 6 \times 3y/2 )= 6x^{2}y^{2} + 3xy^{2} + 9y,1,1,1,0,0,1,0
179,,,,,,,,
180,A \div 3y/2 = 4x^{2}y + 2xy + 6 \\ A = ( 4x^{2}y + 2xy + 6 ) \times 3y/2 6x^{2}y^{2} + 3xy^{2} + 9y,1,1,1,0,0,1,0
181,A \times 2/3y= 4x^{2}y + 2xy + 6 \\ A = 6x^{2}y^{2} + 3xy^{2} + 9y,1,1,1,0,0,1,0
182,A \times 2/3y= 4x^{2}y + 2xy + 6 \\ A =3y/2 ( 4x^{2}y + 2xy + 6 ) = 6x^{2}y^{2} + 3xy^{2} + 9y,1,1,1,0,0,1,0
183,,,,,,,,
184,A = 6x^{2}y^{2} + 3xy^{2} + 9y,1,1,1,0,0,1,0
185,A = 3y/2 \times 4x^{2}y + 2xy \times 3y/2 + 6 \times 3y/2 = 6x^{2}y^{2} + 3xy^{2} + 9y,1,1,1,0,0,1,0
186,A \div 3y/2 = 4x^{2}y + 2xy + 6 = ( 4x^{2}y + 2xy + 6 ) \times 2y/3= 4x^{2}y^{2} + 2xy + 4y,0,0,1,0,0,0,1
187,A \times 2/3y= 4x^{2}y + 2xy + 6 \\ A = 8x^{2}/3 + 4x/3 + 4/y,0,1,1,0,0,0,0
188,,,,,,,,
189,A \div 3y/2 = 4x^{2}y + 2xy + 6 \\ ( 4x^{2}y + 2xy + 6 ) \times 3y/2 = 6x^{2}y^{2} + 3xy^{2} + 9y,1,1,1,0,0,1,0
190,A \times 2/3y= 4x^{2}y + 2xy + 6,0,0,0,0,0,0,0
191,A \times 2/3y= 4x^{2}y + 2xy + 6 \\ A = ( 4x^{2}y + 2xy + 6 ) \times 3y/2 = 6x^{2}y^{2} + 3xy^{2} + 9y,1,1,1,0,0,1,0
192,A \div 3y/2 = 4x^{2}y + 2xy + 6 \\ A = 2/3y ( 4x^{2}y + 2xy + 6 ) 8x^{2}/3 + 4x/3 + 4/y,0,1,1,0,0,0,0
193,( 4x^{2}y + 2xy + 6 ) \times 3y/2 = 6x^{2}y^{2} + 3xy^{2} + 9y,1,1,1,0,0,1,0
194,,,,,,,,
195,A = ( 4x^{2}y + 2xy + 6 ) \times 3y/2 = 6x^{2}y^{2} + 3xy^{2} + 9y,1,1,1,0,0,1,0
196,A = ( 4x^{2}y + 2xy + 6 ) \times 3y/2 = 6x^{2}y^{2} + 3xy^{2} + 9y,1,1,1,0,0,1,0
197,A = ( 4x^{2}y + 2xy + 6 ) \times 2/3y = 8x^{2}/3 + 4x/3 + 4/y,0,1,1,0,0,0,0
198,A \times 2/3y= 4x^{2}y + 2xy + 6 \\ 6x^{2}y^{2} + 3xy^{2} + 9y,1,1,1,0,0,1,0
199,,,,,,,,
200,A \div 3y/2 = 4x^{2}y + 2xy + 6 \\ A = 6x^{2}y^{2} + 3xy^{2} + 9y,1,0,0,1,1,1,0
201,A \div 3y/2 = 4x^{2}y + 2xy + 6 \\ A = 8/3,0,0,0,0,0,0,0
202,A \times 2/3y= 4x^{2}y + 2xy + 6 \\ A = ( 4x^{2}y + 2xy + 6 ) \times 3y/2 = 6x^{2}y^{2} + 3xy^{2} + 9y,1,1,1,0,0,1,0
203,A \div 3y/2 = 4x^{2}y + 2xy + 6 = A = 6x^{2}y^{2} + 3xy^{2} + 9y,0,1,1,0,0,1,1
204,A \times 2/3y= 4x^{2}y + 2xy + 6 = 6x^{2}y^{2} + 3xy^{2} + 9y,0,1,1,0,0,1,1
205,6x^{2}y^{2} + 3xy^{2} + 9y,1,1,1,0,0,1,0
206,( 4x^{2}y + 2xy + 6 ) \times 3y/2 = 6x^{2}y^{2} + 3xy^{2} + 9y,1,1,1,0,0,1,0
207,,,,,,,,
208,A \div 3y/2 = 4x^{2}y + 2xy + 6 = 2A/3y = ( 4x^{2}y + 2xy + 6 ) \\ 2A = 12x^{2}y^{2} + 6xy^{2} + 8y \\ A = 6x^{2}y^{2} + 3xy^{2} + 9y,0,1,1,0,0,1,1
209,A = ( 4x^{2}y + 2xy + 6 ) \times 3y/2 = 6x^{2}y^{2} + 3xy^{2} + 9y,1,1,1,0,0,1,0
210,A \div 3y/2 = 4x^{2}y + 2xy + 6 \\ A = 3y/2 ( 4x^{2}y + 2xy + 6 ) \\ A = 6x^{2}y^{2} + 3xy^{2} + 9y,1,1,1,0,0,1,0
211,A \div 3y/2 = 4x^{2}y + 2xy + 6 \\ A = 6x^{2}y^{2} + 3xy^{2} + 9y,1,0,0,1,1,1,0
212,2y/3 A = 6x^{2}y^{2} + 3xy^{2} +,1,0,1,0,0,1,0
213,A = 6x^{2}y^{2} + 3xy^{2} + 9y,1,1,1,0,0,1,0
214,A \times 2/3y = 4x^{2}y + 2xy + 6 \\ A = ( 4x^{2}y + 2xy + 6 ) \times 3y/2 \\ A = 6x^{2}y^{2} + 3xy^{2} + 9y,1,1,1,0,0,1,0
215,6x^{2}y^{2} + 3xy^{2} + 9y,1,1,1,0,0,1,0
216,,,,,,,,
217,A \div 3y/2 = 4x^{2}y + 2xy + 6 \\ A \div 3y/2 \times 3y/2 = 6x^{2}y^{2} + 3xy^{2} + 9y,1,1,1,0,0,1,0
218,A \times 2/3y = 4x^{2}y + 2xy + 6 \\ A = ( 4x^{2}y + 2xy + 6 ) \times 3y/2 \\ A = 6x^{2}y^{2} + 3xy^{2} + 9y,1,1,1,0,0,1,0
219,A = 4x^{2}y + 2xy + 6 \times 3y/2 \\ A = 6x^{2}y^{2} + 3xy^{2} + 9y,1,1,1,0,0,1,0
220,A = 2/3y ( 4x^{2}y + 2xy + 6 ) \\ 8x^{2}/3 + 4x/3 + 4/y,0,1,1,0,0,0,0
221,A \div 3y/2 = 4x^{2}y + 2xy + 6 \\ A = 6x^{2}y^{2} + 3xy^{2} + 9y,1,1,1,0,0,1,0
222,A = ( 4x^{2}y + 2xy + 6 ) \times 3y/2 = 6x^{2}y^{2} + 3xy^{2} + 9y,1,1,1,0,0,1,0
223,A = 4x^{2}y + 2xy + 6 \times 3y/2 = 6x^{2}y^{2} + 3xy^{2} + 9y,1,1,1,0,0,1,0
224,A = ( 4x^{2}y + 2xy + 6 ) \times 2/3y = 8x^{2}/3 + 4x/3 + 4,0,0,1,0,0,0,0
225,6x^{2}y^{2} + 3xy^{2} + 9y,1,1,1,0,0,1,0
226,A = 4x^{2}y + 2xy + 6 \times 3y/2 = 6x^{2}y^{2} + 3xy^{2} + 9y,1,1,1,0,0,1,0
227,A \times 2/3y = 4x^{2}y + 2xy + 6 \\ A = ( 4x^{2}y + 2xy + 6 ) \times 3y/2 = 6x^{2}y^{2} + 3xy^{2} + 9y,1,1,1,0,0,1,0
228,3y/2 \times ( 4x^{2}y + 2xy + 6 ) = 6x^{2}y^{2} + 3xy^{2} + 9y,1,1,1,0,0,1,0
229,A = ( 4x^{2}y + 2xy + 6 ) \times 2/3y \\ 8x^{2}/3 + 4x/3 + 4/y,0,1,1,0,0,0,0
230,A \div 3y/2 = 4x^{2}y + 2xy + 6 \\ A = ( 4x^{2}y + 2xy + 6 ) 2/3y \\ A = 8x^{2}/3 + 4x/3 + 4/y,0,1,1,0,0,0,0
231,,,,,,,,
232,A \times 2/3y = 4x^{2}y + 2xy + 6 \\ A = ( 4x^{2}y + 2xy + 6 ) \times 3y/2 = 6x^{2}y^{2} + 3xy^{2} + 9y,1,1,1,0,0,1,0
233,,,,,,,,
234,A \div 3y/2 = 4x^{2}y + 2xy + 6 \\ A = ( 4x^{2}y + 2xy + 6 ) \times 3y/2 = 6x^{2}y^{2} + 3xy^{2} + 9y,1,1,1,0,0,1,0
235,A \times 2/3y = 4x^{2}y + 2xy + 6 \\ A = ( 4x^{2}y + 2xy + 6 ) \times 3y/2 = 6x^{2}y^{2} + 3xy^{2} + 9y,1,1,1,0,0,1,0
236,A \times 2/3y = 4x^{2}y + 2xy + 6 \\ 4x^{2}y + 2xy + 6 \times 3y/2 = ( 2x^{2}y + xy + 3 ) \times 3y = 6x^{2}y^{2} + 3xy^{2} + 9y,1,1,1,0,0,1,0
237,A \div 3y/2 = 4x^{2}y + 2xy + 6 \\ A = ( 4x^{2}y + 2xy + 6 ) \times 3y/2 = 6x^{2}y^{2} + 3xy^{2} + 9y,1,1,1,0,0,1,0
238,A = 3y/2 ( 4x^{2}y + 2xy + 6 ) = 6x^{2}y^{2} + 3xy^{2} + 9y,1,1,1,0,0,1,0
239,6x^{2}y^{2} + 3xy^{2} + 9y,1,1,1,0,0,1,0
240,,,,,,,,
241,6x^{2}y^{2} + 3xy^{2} + 9y,1,1,1,0,0,1,0